<?xml version="1.0"?>
<!DOCTYPE hibernate-mapping PUBLIC "-//Hibernate/Hibernate Mapping DTD 3.0//EN"
"http://www.hibernate.org/dtd/hibernate-mapping-3.0.dtd">
<!-- Generated Mar 29, 2019 9:02:07 PM by Hibernate Tools 4.3.1 -->
<hibernate-mapping>
    <class name="com.mycompany.mavenproject10.Orders" table="ORDERS" schema="USER1" optimistic-lock="version">
        <id name="orderId" type="int">
            <column name="ORDER_ID" precision="8" scale="0" />
            <generator class="assigned" />
        </id>
        <many-to-one name="customer" class="com.mycompany.mavenproject10.Customer" fetch="select">
            <column name="CUSTOMER_ID" precision="8" scale="0" />
        </many-to-one>
        <property name="itemName" type="string">
            <column name="ITEM_NAME" length="50" />
        </property>
        <property name="price" type="big_decimal">
            <column name="PRICE" precision="8" />
        </property>
    </class>
</hibernate-mapping>
