<?xml version="1.0"?>
<!DOCTYPE hibernate-mapping PUBLIC "-//Hibernate/Hibernate Mapping DTD 3.0//EN"
"http://www.hibernate.org/dtd/hibernate-mapping-3.0.dtd">
<!-- Generated Mar 25, 2019 11:15:49 PM by Hibernate Tools 4.3.1 -->
<hibernate-mapping>
    <class name="com.mycompany.mavenproject8.Mobile" table="MOBILE" schema="USER1" optimistic-lock="version">
        <id name="id" type="int">
            <column name="ID" precision="8" scale="0" />
            <generator class="assigned" />
        </id>
       
        <property name="phn" type="string">
            <column name="PHN" length="60" />
        </property>
    </class>
</hibernate-mapping>
