<?xml version="1.0"?>
<!DOCTYPE hibernate-mapping PUBLIC "-//Hibernate/Hibernate Mapping DTD 3.0//EN"
"http://www.hibernate.org/dtd/hibernate-mapping-3.0.dtd">
<!-- Generated Mar 26, 2019 10:22:14 AM by Hibernate Tools 4.3.1 -->
<hibernate-mapping>
    <class name="com.mycompany.demo1.Phone" table="PHONE" schema="USERMN" optimistic-lock="version">
        <id name="phoneId" type="int">
            <column name="PHONE_ID" precision="7" scale="0" />
            <generator class="assigned" />
        </id>
        <many-to-one name="students" class="com.mycompany.demo1.Students" fetch="select">
            <column name="STUDENT_ID" precision="7" scale="0" />
        </many-to-one>
        <property name="phnNum" type="string">
            <column name="PHN_NUM" length="20" />
        </property>
    </class>
</hibernate-mapping>
