<?xml version="1.0"?>
<!DOCTYPE hibernate-mapping PUBLIC "-//Hibernate/Hibernate Mapping DTD 3.0//EN"
"http://www.hibernate.org/dtd/hibernate-mapping-3.0.dtd">
<!-- Generated Mar 26, 2019 10:22:14 AM by Hibernate Tools 4.3.1 -->
<hibernate-mapping>
    <class name="com.mycompany.demo1.Students" table="STUDENTS" schema="USERMN" optimistic-lock="version">
        <id name="studentId" type="int">
            <column name="STUDENT_ID" precision="7" scale="0" />
            <generator class="assigned" />
        </id>
        <property name="name" type="string">
            <column name="NAME" length="60" />
        </property>
        <property name="email" type="string">
            <column name="EMAIL" length="60" />
        </property>
        <set name="phones" table="PHONE" inverse="true" lazy="true" fetch="select">
            <key>
                <column name="STUDENT_ID" precision="7" scale="0" />
            </key>
            <one-to-many class="com.mycompany.demo1.Phone" />
        </set>
    </class>
</hibernate-mapping>
