<?xml version="1.0"?>
<!DOCTYPE hibernate-mapping PUBLIC "-//Hibernate/Hibernate Mapping DTD 3.0//EN"
"http://www.hibernate.org/dtd/hibernate-mapping-3.0.dtd">
<!-- Generated Apr 1, 2019 7:18:20 PM by Hibernate Tools 4.3.1 -->
<hibernate-mapping>
    <class name="com.mycompany.exp3.Customer" table="CUSTOMER" schema="USER1" optimistic-lock="version">
        <id name="customerId" type="int">
           <column name="CUSTOMER_ID" precision="8" scale="0" />
           <generator class="org.hibernate.id.enhanced.SequenceStyleGenerator"> 
                <param name="increment_size">1</param>
                <param name="sequence_name">CUST_SEQ</param>
            </generator>
        </id>
        <property name="name" type="string">
            <column name="NAME" length="50" />
        </property>
        <property name="email" type="string">
            <column name="EMAIL" length="60" />
        </property>
        <set name="orderses" table="ORDERS" cascade="all" inverse="false" lazy="true" fetch="select">
            <key>
                <column name="CUSTOMER_ID" precision="8" scale="0" />
            </key>
            <one-to-many class="com.mycompany.exp3.Orders" />
        </set>
    </class>
</hibernate-mapping>
