<?xml version="1.0"?>
<!DOCTYPE hibernate-mapping PUBLIC "-//Hibernate/Hibernate Mapping DTD 3.0//EN"
"http://www.hibernate.org/dtd/hibernate-mapping-3.0.dtd">
<!-- Generated Mar 24, 2019 10:30:34 PM by Hibernate Tools 4.3.1 -->
<hibernate-mapping>
    <class name="com.mycompany.mavenproject2.Persons" table="PERSONS" schema="USER1" optimistic-lock="version">
        <id name="studentId" type="int">
            <column name="STUDENT_ID" precision="8" scale="0" />
            <generator class="assigned" />
        </id>
        <property name="name" type="string">
            <column name="NAME" length="60" />
        </property>
        <property name="email" type="string">
            <column name="EMAIL" length="60" />
        </property>
    </class>
</hibernate-mapping>
