<?xml version="1.0"?>
<!DOCTYPE hibernate-mapping PUBLIC "-//Hibernate/Hibernate Mapping DTD 3.0//EN"
"http://www.hibernate.org/dtd/hibernate-mapping-3.0.dtd">
<!-- Generated Apr 1, 2019 12:19:27 AM by Hibernate Tools 4.3.1 -->
<hibernate-mapping>
    <class name="com.mycompany.mavenproject11.Customer" table="CUSTOMER" schema="USER1" optimistic-lock="version">
        <id name="customerId" type="int">
            <column name="CUSTOMER_ID" precision="8" scale="0" />
            <generator class="assigned" />
        </id>
        <property name="name" type="string">
            <column name="NAME" length="50" />
        </property>
        <property name="email" type="string">
            <column name="EMAIL" length="60" />
        </property>
        <set name="orderses" table="ORDERS" inverse="true" lazy="true" fetch="select">
            <key>
                <column name="CUSTOMER_ID" precision="8" scale="0" />
            </key>
            <one-to-many class="com.mycompany.mavenproject11.Orders" />
        </set>
    </class>
</hibernate-mapping>
