<?xml version="1.0"?>
<!DOCTYPE hibernate-mapping PUBLIC "-//Hibernate/Hibernate Mapping DTD 3.0//EN"
"http://www.hibernate.org/dtd/hibernate-mapping-3.0.dtd">
<!-- Generated Mar 25, 2019 12:17:05 AM by Hibernate Tools 4.3.1 -->
<hibernate-mapping>
    <class name="com.mycompany.mavenproject3.Mobile" table="MOBILE" schema="USER1" optimistic-lock="version">
        <id name="id" type="int">
            <column name="ID" precision="8" scale="0" />
            <generator class="assigned" />
        </id>
        <many-to-one name="students" class="com.mycompany.mavenproject3.Students" fetch="select">
            <column name="STUDENT_ID" precision="8" scale="0" />
        </many-to-one>
        <property name="phn" type="string">
            <column name="PHN" length="60" />
        </property>
    </class>
</hibernate-mapping>
