<?xml version="1.0"?>
<!DOCTYPE hibernate-mapping PUBLIC "-//Hibernate/Hibernate Mapping DTD 3.0//EN"
"http://www.hibernate.org/dtd/hibernate-mapping-3.0.dtd">
<!-- Generated Mar 25, 2019 12:17:05 AM by Hibernate Tools 4.3.1 -->
<hibernate-mapping>
    <class name="com.mycompany.mavenproject3.Students" table="STUDENTS" schema="USER1" optimistic-lock="version">
        <id name="studentId" type="int">
            <column name="STUDENT_ID" precision="8" scale="0" />
            <generator class="assigned" />
        </id>
        <property name="name" type="string">
            <column name="NAME" length="60" />
        </property>
        <property name="email" type="string">
            <column name="EMAIL" length="60" />
        </property>
        <set name="mobiles" table="MOBILE" inverse="true" lazy="true" fetch="select">
            <key>
                <column name="STUDENT_ID" precision="8" scale="0" />
            </key>
            <one-to-many class="com.mycompany.mavenproject3.Mobile" />
        </set>
    </class>
</hibernate-mapping>
